{
  "Component.js": 1714052042692,
  "controller/App.controller.js": 1714052042692,
  "localSource/DataModel.json": 1714052042692,
  "localSource/Annotations.json": 1714052042692,
  "manifest.json": 1714488930701,
  "model/models.js": 1714052042696,
  "controller/test.js": 1714052042692,
  "controller/List.controller.js": 1714054408779,
  "controller/Fields.controller.js": 1714055337438,
  "controller/Association.controller.js": 1714473149157,
  "localSource/LocalModel.json": 1714052042692,
  "RevealGrid/RevealGrid.js": 1714052042692,
  "i18n/i18n.properties": 1714052042692,
  "Component-preload.js": 1714488930969,
  "controller/Association-dbg.controller.js": 1714473149157,
  "controller/test-dbg.js": 1714052042692,
  "controller/List-dbg.controller.js": 1714054408779,
  "controller/Fields-dbg.controller.js": 1714055337438,
  "model/models-dbg.js": 1714052042696,
  "controller/App-dbg.controller.js": 1714052042692,
  "RevealGrid/RevealGrid-dbg.js": 1714052042692,
  "Component-dbg.js": 1714052042692,
  "view/ValueHelpDialog.fragment.xml": 1714052042696,
  "view/ValueHelp.fragment.xml": 1714052042696,
  "view/List.view.xml": 1714052042696,
  "view/Fields.view.xml": 1714052042696,
  "view/Association.view.xml": 1714470277021,
  "view/App.view.xml": 1714052042696,
  "localSource/467_sap.png": 1714052042692,
  "localSource/467_sap.jpg": 1714052042692,
  "css/style.css": 1714052042692,
  "index.html": 1714052042692
}