{
  "controller/List-dbg.controller.js": 1715242910588,
  "manifest.json": 1715270453610,
  "localSource/DataModel.json": 1715007987129,
  "localSource/Annotations.json": 1714665238500,
  "localSource/LocalModel.json": 1715007989437,
  "model/models.js": 1714665238500,
  "localSource/serviceModel.js": 1715088154672,
  "localSource/associationModel.js": 1715081949340,
  "controller/List.controller.js": 1715242910588,
  "controller/Fields.controller.js": 1715181721921,
  "controller/Association.controller.js": 1715095341628,
  "controller/App.controller.js": 1714665238500,
  "RevealGrid/RevealGrid.js": 1714665238500,
  "Component.js": 1714665238500,
  "Component-preload.js": 1715270453891,
  "RevealGrid/RevealGrid-dbg.js": 1714665238500,
  "localSource/serviceModel-dbg.js": 1715088154672,
  "localSource/associationModel-dbg.js": 1715081949340,
  "i18n/i18n.properties": 1714665238500,
  "controller/Fields-dbg.controller.js": 1715181721921,
  "controller/Association-dbg.controller.js": 1715095341628,
  "controller/App-dbg.controller.js": 1714665238500,
  "model/models-dbg.js": 1714665238500,
  "Component-dbg.js": 1714665238500,
  "view/ValueHelpDialog.fragment.xml": 1714665238500,
  "view/ValueHelp.fragment.xml": 1714665238500,
  "view/List.view.xml": 1714665238500,
  "view/Fields.view.xml": 1715178886589,
  "view/Association.view.xml": 1715095222309,
  "view/App.view.xml": 1714665238500,
  "localSource/467_sap.png": 1714665238500,
  "localSource/467_sap.jpg": 1714665238500,
  "css/style.css": 1714665238500,
  "index.html": 1714665238500
}