{
  "index.html": 1714665238496,
  "manifest.json": 1715270451186,
  "model/models.js": 1714665238496,
  "controller/Generator.controller.js": 1714665238496,
  "controller/App.controller.js": 1714665238496,
  "Component.js": 1714665238496,
  "Component-preload.js": 1715270451510,
  "model/models-dbg.js": 1714665238496,
  "controller/Generator-dbg.controller.js": 1714665238496,
  "controller/App-dbg.controller.js": 1714665238496,
  "Component-dbg.js": 1714665238496,
  "view/Generator.view.xml": 1714665238496,
  "view/App.view.xml": 1714665238496,
  "css/style.css": 1714665238496,
  "i18n/i18n.properties": 1714665238496
}